{
    "rmse": 0.7651256819909785,
    "mae": 0.6115809351237037,
    "r2": 0.11000371062725078
}